FileName,Label,ClassName
../db/malevis_train/Vilsel/a9ac0378e05d6e3fea917dd18517293226993599resized_image.png,0,Vilsel
../db/malevis_train/Vilsel/558a895eb689c222004a4d7f9e8383f4ec9dc401resized_image.png,0,Vilsel
../db/malevis_train/Vilsel/9766ffe83baf12fb8254d0f0e8a893026a2daecdresized_image.png,0,Vilsel
../db/malevis_train/Vilsel/016733a0a80ffc94b3b5e56fdeae5513409f7fd5resized_image.png,0,Vilsel
../db/malevis_train/Vilsel/50dae188c4de424a5ebaffc20737e915f3e479a4resized_image.png,0,Vilsel
../db/malevis_train/Vilsel/9d4c36b9a8a949185a5b082c31107acecaccf1f9resized_image.png,0,Vilsel
../db/malevis_train/Vilsel/4053643de6e83c013c23cecc7b28c07cc430214fresized_image.png,0,Vilsel
../db/malevis_train/Vilsel/296fe9b0131bf5c3461a3a65d6b23bd36f1536b4resized_image.png,0,Vilsel
../db/malevis_train/Vilsel/113c216cd3047287f2d2dcebeef0360e5c145fb6resized_image.png,0,Vilsel
../db/malevis_train/Vilsel/14c08a36b97f20c358b92fecff929a222c25d4b7resized_image.png,0,Vilsel
../db/malevis_train/Vilsel/94d6638f22672fad4fcbcaf3466742692952ceabresized_image.png,0,Vilsel
../db/malevis_train/Vilsel/26522f293d0d7f5847b2f37be2c17c5eacd974fdresized_image.png,0,Vilsel
../db/malevis_train/Vilsel/17480a60d8e2fc0721e3b44a1627a142268f6f6aresized_image.png,0,Vilsel
../db/malevis_train/Vilsel/649786d2f8809d843ea1b3cc69c58bcaa4242c2eresized_image.png,0,Vilsel
../db/malevis_train/Vilsel/18b0054a979af89875ecd758778f3c8b962729cbresized_image.png,0,Vilsel
../db/malevis_train/Vilsel/71d0fa93af94c2bab3cb53191f765e60b175adecresized_image.png,0,Vilsel
../db/malevis_train/Vilsel/4728ecb99c2c04620967df5bb7a43c7b468acb55resized_image.png,0,Vilsel
../db/malevis_train/Vilsel/9b516c2979fa3e811abf2f903171baa4df20433aresized_image.png,0,Vilsel
../db/malevis_train/Vilsel/51ee46666428ee0b89c87223fe29aaa906e7ead8resized_image.png,0,Vilsel
../db/malevis_train/Vilsel/17b9baf214ef8d654b87a32ef56c86d34dfcbc5dresized_image.png,0,Vilsel
../db/malevis_train/Vilsel/a563c8fa4a85c0d1247f249b1b341505f6441191resized_image.png,0,Vilsel
../db/malevis_train/Vilsel/241d798794418c888125db5e10cf48cc68d50cbbresized_image.png,0,Vilsel
../db/malevis_train/Vilsel/9a07cdc8c1792cc2757f603ce990ebc0e65f31ccresized_image.png,0,Vilsel
../db/malevis_train/Vilsel/08674978a1a8c8f2740f5df88929bf3d6576e3c3resized_image.png,0,Vilsel
../db/malevis_train/Vilsel/2127b8e446225a0f9f1b231db159760705a18958resized_image.png,0,Vilsel
../db/malevis_train/Vilsel/a98d8370ff0f520cb71cdc4592f1232444de186cresized_image.png,0,Vilsel
../db/malevis_train/Vilsel/048de2b98295d9b34cdeb6d3a57a0b1e2af925e0resized_image.png,0,Vilsel
../db/malevis_train/Vilsel/13403388c46c256998add1059f22d5075c081a93resized_image.png,0,Vilsel
../db/malevis_train/Vilsel/4294d5a6ab8a8b04e5b0e304dc5d52552d530e57resized_image.png,0,Vilsel
../db/malevis_train/Androm/cb18544f47094bfb733fb3794efdd5d876ffba73resized_image.png,1,Androm
../db/malevis_train/Androm/2d9e5bd798d7a673fd8c0c02683348d0fa0572aaresized_image.png,1,Androm
../db/malevis_train/Androm/3e4297b8ba92564bb034303a26738282f7885f6aresized_image.png,1,Androm
../db/malevis_train/Androm/eaf2e6fe19f0fadbbf07de9a44f2f9fd68a855cbresized_image.png,1,Androm
../db/malevis_train/Androm/2f82789bc1e56416790bd673931e71715bcc31ddresized_image.png,1,Androm
../db/malevis_train/Androm/75fedbbb8a4aef0ccb599dde1fd9eae2c356ac47resized_image.png,1,Androm
../db/malevis_train/Androm/dbbd91fe52209af1714d8643fa67d2338fc2bc9bresized_image.png,1,Androm
../db/malevis_train/Androm/bdc3d5fd76cf5d9ad91428d6aa43ca084e465a38resized_image.png,1,Androm
../db/malevis_train/Androm/dde091d300924e5f64b7a53120521b7d3468054eresized_image.png,1,Androm
../db/malevis_train/Androm/497f414ec188980c088360acfd1a95420b8c5962resized_image.png,1,Androm
../db/malevis_train/Androm/2229550bf03ffd1a430042ce40a2b3dfed8ff6f9resized_image.png,1,Androm
../db/malevis_train/Androm/8aa06bf91cee651e05592d6a6b6fbc36d24e6beeresized_image.png,1,Androm
../db/malevis_train/Androm/35e99c567fcd7569bc130cb64e855282ffa16252resized_image.png,1,Androm
../db/malevis_train/Androm/acd01c0389e5b4585d43b0f29c8b073b5eb8f32fresized_image.png,1,Androm
../db/malevis_train/Androm/8a1501bbf0a665e7c2ff8b5a0b3c59e333a0ba2aresized_image.png,1,Androm
../db/malevis_train/Androm/cec739ed8a7a631c3b0e3192134a8f06a6ca8697resized_image.png,1,Androm
../db/malevis_train/Androm/e0e7dcc0eb4f0c06c725caf48d21b39cdc4ecd8cresized_image.png,1,Androm
../db/malevis_train/Androm/5d76aa381333265077f57129183ca32f1a780941resized_image.png,1,Androm
../db/malevis_train/Androm/dffed34597803c8bbca55548745a898b2ea25eb8resized_image.png,1,Androm
../db/malevis_train/Androm/4867f52d7addfa439f777d3c45e4d1e8c49a4af0resized_image.png,1,Androm
../db/malevis_train/Androm/119430a0e5fd237a92b6cd004cffbb66d602a563resized_image.png,1,Androm
../db/malevis_train/Androm/9d1f00eb0d033c28c59a20e9b413f1e1aeb0b9b7resized_image.png,1,Androm
../db/malevis_train/Androm/e24656d88ee962de3e510d83dead5df815125e39resized_image.png,1,Androm
../db/malevis_train/Androm/16ad10e5dc952dd09a800cf26cd80344a53bb924resized_image.png,1,Androm
../db/malevis_train/Androm/52d63aa7398a4101a404184f01a39aed42cc202dresized_image.png,1,Androm
../db/malevis_train/Androm/399b60d117b386e7da3467633e5b23f96e3c84d4resized_image.png,1,Androm
../db/malevis_train/Androm/07e78c9df44d91421f8e09fa9a2297e8f20474cfresized_image.png,1,Androm
../db/malevis_train/Androm/dc2a29efebab8a768784185c6777805068a56d44resized_image.png,1,Androm
../db/malevis_train/Androm/d7ec397f23662836eceb4eabcdd02ebc181b7080resized_image.png,1,Androm
../db/malevis_train/Snarasite/9b86e94d7f480905e6a920d562cdfe353fac5454resized_image.png,2,Snarasite
../db/malevis_train/Snarasite/1f2b87932696e70a1497c395f175debf0bb6aeb4resized_image.png,2,Snarasite
../db/malevis_train/Snarasite/82a4dfbe73174fa5b06fd48f93506459cce803bbresized_image.png,2,Snarasite
../db/malevis_train/Snarasite/1c7cb873ae860e3779c20dffde626c803815d2f0resized_image.png,2,Snarasite
../db/malevis_train/Snarasite/263493a6a66ad020d8634fa907f02b53770724bcresized_image.png,2,Snarasite
../db/malevis_train/Snarasite/b6d34b3ad900b74dabd89e9327370f86e36c382fresized_image.png,2,Snarasite
../db/malevis_train/Snarasite/22d6ba131c49bdc2ff1c123c1e74a64d030fb351resized_image.png,2,Snarasite
../db/malevis_train/Snarasite/5d36f714e849264d9d4364a13ccbf835f152057cresized_image.png,2,Snarasite
../db/malevis_train/Snarasite/61c5b00a5e0eb45041bccd1b108e5f850c297de5resized_image.png,2,Snarasite
../db/malevis_train/Snarasite/485bee3537e363f451f18d02bb37940a9da53cd2resized_image.png,2,Snarasite
../db/malevis_train/Snarasite/74f5807a109ca0463d10fb61a5bb1791c31d4861resized_image.png,2,Snarasite
../db/malevis_train/Snarasite/0c12747f539e08aa9f627b3e18a9e63a106752c3resized_image.png,2,Snarasite
../db/malevis_train/Snarasite/a3a94aac6aad6c0028ac9af8e972a8b92243ade2resized_image.png,2,Snarasite
../db/malevis_train/Snarasite/5bd5fcb2fdea4d47d3c3b2095971f66ba63418beresized_image.png,2,Snarasite
../db/malevis_train/Snarasite/75a53722e59512ee428ef6aa087cd9c0da1387cfresized_image.png,2,Snarasite
../db/malevis_train/Snarasite/535f58b8b345dae38396cb28615c72c7e4beeebcresized_image.png,2,Snarasite
../db/malevis_train/Snarasite/6a7398c75dec6018c4fa2c6fba3d8abab91d878dresized_image.png,2,Snarasite
../db/malevis_train/Snarasite/035405a93d980e78be688cd71c966e0245b9100aresized_image.png,2,Snarasite
../db/malevis_train/Snarasite/0e9c30558443ca26d072d7112db0550c2d17269dresized_image.png,2,Snarasite
../db/malevis_train/Snarasite/45550844998259c4c41f2f22e0b4c973f8f7f0efresized_image.png,2,Snarasite
../db/malevis_train/Snarasite/7c7242f407d885ecf0f83014da8b09f41ad478a2resized_image.png,2,Snarasite
../db/malevis_train/Snarasite/856b06dc9bc9eb3b53b1056845185320969814acresized_image.png,2,Snarasite
../db/malevis_train/Snarasite/94a370279a7af214308047397673883571766386resized_image.png,2,Snarasite
../db/malevis_train/Snarasite/920857a47d6a3c9a41e9129b0298d613eb2965ceresized_image.png,2,Snarasite
../db/malevis_train/Snarasite/32c7b5adfb6265fe72df50d3ee12e8fe8c5674e7resized_image.png,2,Snarasite
../db/malevis_train/Snarasite/241b2bf37b4e9d7d74086d8ac9731fde3e6746d7resized_image.png,2,Snarasite
../db/malevis_train/Snarasite/59010a02c770e832c57de42d79904866d1a0ce65resized_image.png,2,Snarasite
../db/malevis_train/Snarasite/7b3d23d4810d4174fb5795c4f179a20c7eca3a51resized_image.png,2,Snarasite
../db/malevis_train/Snarasite/a9b1dff7436786c7837037e73d921f53d1e6678bresized_image.png,2,Snarasite
../db/malevis_train/MultiPlug/84b9eb9a4d258a5dbce92274e4cbdd6d96a196b6resized_image.png,3,MultiPlug
../db/malevis_train/MultiPlug/531c0606147e254a63f1594b310a8db14df7e287resized_image.png,3,MultiPlug
../db/malevis_train/MultiPlug/177485bd56a172784d9405f6563bec5b82226b00resized_image.png,3,MultiPlug
../db/malevis_train/MultiPlug/6cc8e76f39c641161cad532f429f3e23c31f7247resized_image.png,3,MultiPlug
../db/malevis_train/MultiPlug/9ff64f87f4f79c9e349409314b35d19aaf8c48c7resized_image.png,3,MultiPlug
../db/malevis_train/MultiPlug/935f34c55582d9c7374a8612a07511080ab192fdresized_image.png,3,MultiPlug
../db/malevis_train/MultiPlug/19b059ff406dc572802ac421d67bcd2c4147934aresized_image.png,3,MultiPlug
../db/malevis_train/MultiPlug/5be3977af7a659e3c5766038b94521e632cb9a05resized_image.png,3,MultiPlug
../db/malevis_train/MultiPlug/8ba5d4113172100e3347d717e8c35c8fdee04668resized_image.png,3,MultiPlug
../db/malevis_train/MultiPlug/59a2735f88ce99ecd305395d50c3fcebb52e1143resized_image.png,3,MultiPlug
../db/malevis_train/MultiPlug/020804d8afb68dda1cbc56cd9e9defe09b419376resized_image.png,3,MultiPlug
../db/malevis_train/MultiPlug/7d8e16cc411a43df82258b7e47f866ef0eb9b49cresized_image.png,3,MultiPlug
../db/malevis_train/MultiPlug/919c53b9a933d85d3871ca8d4fb89b52032765e3resized_image.png,3,MultiPlug
../db/malevis_train/MultiPlug/1d3b6f3de9a138fac7c989b7687a8aaae118a84cresized_image.png,3,MultiPlug
../db/malevis_train/MultiPlug/b007b7bf95cc7dda0795ee7dcbbf8c8d66cc5382resized_image.png,3,MultiPlug
../db/malevis_train/MultiPlug/9ba94fa19110e09c519bc61eeac4b2c3b98448d5resized_image.png,3,MultiPlug
../db/malevis_train/MultiPlug/a741eae1d7f2b276b72338934b706809d5429f9aresized_image.png,3,MultiPlug
../db/malevis_train/MultiPlug/8dccaf74c9eef596d434306d90fff4b5b69f7950resized_image.png,3,MultiPlug
../db/malevis_train/MultiPlug/473e4e0ba14b07aa9154d041462c02e128033a2eresized_image.png,3,MultiPlug
../db/malevis_train/MultiPlug/5084dc156909e97c6247061409d25f6fd7dda1faresized_image.png,3,MultiPlug
../db/malevis_train/MultiPlug/6f9e447728f3acd957a67680f208765aaf5730fbresized_image.png,3,MultiPlug
../db/malevis_train/MultiPlug/228e442579bb861128c4899175e3344c015ce9ceresized_image.png,3,MultiPlug
../db/malevis_train/MultiPlug/a508aba1299d0236ac82e8bf38048bd341ad3e67resized_image.png,3,MultiPlug
../db/malevis_train/MultiPlug/72363d57e4745349a3521025046b2a381d346b8eresized_image.png,3,MultiPlug
../db/malevis_train/MultiPlug/9d9cf190127523dbaff387321b314e0a9e1fd052resized_image.png,3,MultiPlug
../db/malevis_train/MultiPlug/5b557e0c3cf29ccfd4b64b104faad6fc7ba26123resized_image.png,3,MultiPlug
../db/malevis_train/MultiPlug/6499d125216e8c9ac41fa4b24e0b30b5f0675451resized_image.png,3,MultiPlug
../db/malevis_train/MultiPlug/507516c65e781d3ccc44c28eca418bc1ed8e867fresized_image.png,3,MultiPlug
../db/malevis_train/MultiPlug/0019da329241c3a5aa324b977ca34d101745bed5resized_image.png,3,MultiPlug
../db/malevis_train/Hlux/d4a8f030d6a9e9cfbd33b12b70d3eb38546600eeresized_image.png,4,Hlux
../db/malevis_train/Hlux/cf9739cc96446fe0e1e9583e8eb8bfedcd2f6c34resized_image.png,4,Hlux
../db/malevis_train/Hlux/ce25ac6f598676640114d5c95ef352a39196acfcresized_image.png,4,Hlux
../db/malevis_train/Hlux/d24af3000eec404e7726a1bdcc8d77d8634fec9bresized_image.png,4,Hlux
../db/malevis_train/Hlux/dc52852172e8aab276641b8ff1805a3abe0309f2resized_image.png,4,Hlux
../db/malevis_train/Hlux/e8d1011190de0cdb598e4dbc7d477016ae4975d3resized_image.png,4,Hlux
../db/malevis_train/Hlux/cfaabbce6bd95371cb455157fd7ea888c956971bresized_image.png,4,Hlux
../db/malevis_train/Hlux/d3585e854284075c7e00ae4ece9285f4e3708776resized_image.png,4,Hlux
../db/malevis_train/Hlux/e18b1c41f1899ac8ca504f5eff286930cdc4f8e0resized_image.png,4,Hlux
../db/malevis_train/Hlux/dd2b70543d809be54deb6e7727097dd334a3d3a9resized_image.png,4,Hlux
../db/malevis_train/Hlux/de5796b9274e8d65499f2f23847200d45dc56de1resized_image.png,4,Hlux
../db/malevis_train/Hlux/ce0cd3e549f4b52780e1f8835b0fdde9da3267baresized_image.png,4,Hlux
../db/malevis_train/Hlux/d3545ec5f84f4e5e13993486aa5f89e37f6c63acresized_image.png,4,Hlux
../db/malevis_train/Hlux/d59524c62b6984398bdc836f92064d6202a6c574resized_image.png,4,Hlux
../db/malevis_train/Hlux/e5bab28051bc223fa2254095983a4802563c4197resized_image.png,4,Hlux
../db/malevis_train/Hlux/cd7926ac5d5d82f397daee4582eb7217da4bb0b4resized_image.png,4,Hlux
../db/malevis_train/Hlux/d34f50b85955fd613e113f9295bbfb9b92ba534eresized_image.png,4,Hlux
../db/malevis_train/Hlux/d97bb256cc00f3f7e6dc4fde38c4454ddc0f998fresized_image.png,4,Hlux
../db/malevis_train/Hlux/de297e8ae23fd8b89746768371c73215eea74cf6resized_image.png,4,Hlux
../db/malevis_train/Hlux/ced9b28ea648d867e950c76d2e95c6ca6aa04071resized_image.png,4,Hlux
../db/malevis_train/Hlux/e6ac0b6ca5e267e2f54898869683c35afde8a7eeresized_image.png,4,Hlux
../db/malevis_train/Hlux/d72bed53cd9879735b7885eb3704cf9720607d10resized_image.png,4,Hlux
../db/malevis_train/Hlux/83784e0c03e2b4ed2c6cdc0a9c938bb6f8a23ae3resized_image.png,4,Hlux
../db/malevis_train/Hlux/d06314ed5a4781648d481708cca771b493ee2d5dresized_image.png,4,Hlux
../db/malevis_train/Hlux/ccb528fe79abf82c48dbb5d562f327459f89e2e8resized_image.png,4,Hlux
../db/malevis_train/Hlux/e1dc79953f0757dc686d8fa3e5c23fae96e4930aresized_image.png,4,Hlux
../db/malevis_train/Hlux/d735223b22942f49adc3d1ceaf810f4580b60521resized_image.png,4,Hlux
../db/malevis_train/Hlux/d79c09b562a5a5f250b3a504db61c2289b0cb6c5resized_image.png,4,Hlux
../db/malevis_train/Hlux/e7a2c1355aa8fb0c22322a8472541d0c1decf6c0resized_image.png,4,Hlux
../db/malevis_train/VBA/8f667eb4de104a09e82e231d477090e547c4244bresized_image.png,5,VBA
../db/malevis_train/VBA/3f9d77ddc6c7bd0f780245103c8572594afc0419resized_image.png,5,VBA
../db/malevis_train/VBA/6b23299a9be0f0e97ecd40ca3a996b2103f1f2ddresized_image.png,5,VBA
../db/malevis_train/VBA/574e1c22f916c056e729cc3bc17d996f8002d54bresized_image.png,5,VBA
../db/malevis_train/VBA/4b063707b18b7be7ab5a7d843f586831b49051abresized_image.png,5,VBA
../db/malevis_train/VBA/a3818c6759716e613dab7215e90e00588767202eresized_image.png,5,VBA
../db/malevis_train/VBA/2b7652c2c5f37e0eb62f7ec19e81cceef1b7618fresized_image.png,5,VBA
../db/malevis_train/VBA/22e8102390aa269045b1938881ac8c8040f2fd1aresized_image.png,5,VBA
../db/malevis_train/VBA/1ea5fc025f9b4ab208345724f77a7b84f54073a2resized_image.png,5,VBA
../db/malevis_train/VBA/10ac44e15a21a895874d4955a21eb623261ccc59resized_image.png,5,VBA
../db/malevis_train/VBA/1283ab6271a64332be8d3590309356cb94377132resized_image.png,5,VBA
../db/malevis_train/VBA/9572c1856e04474d53b71f6c09361ad6a195fb72resized_image.png,5,VBA
../db/malevis_train/VBA/13dd6e11cbe3728674357af25e3967f36ee6add6resized_image.png,5,VBA
../db/malevis_train/VBA/85cbf3a964ac2053b345043355d071b993ea684fresized_image.png,5,VBA
../db/malevis_train/VBA/697f079c967262aa44153d98932012eaab98eca8resized_image.png,5,VBA
../db/malevis_train/VBA/33a3b826004c3241ee82a18879a0c4b27e49cf5fresized_image.png,5,VBA
../db/malevis_train/VBA/9f6673c078ac227ca422c20f993cea0cf8ee767aresized_image.png,5,VBA
../db/malevis_train/VBA/3d145155a0af1dc98f18130782a5f3d338b1f86eresized_image.png,5,VBA
../db/malevis_train/VBA/9b846f157d23b7e98221c30f4cb6015bba48f7deresized_image.png,5,VBA
../db/malevis_train/VBA/607e0ce11b453e3af6d3d89a27836972de22ab58resized_image.png,5,VBA
../db/malevis_train/VBA/87592f3c3cfa21289cb764b20ac35efd599afdc1resized_image.png,5,VBA
../db/malevis_train/VBA/9b0171d9d9a602d8b807584e9357fd3ed82bc007resized_image.png,5,VBA
../db/malevis_train/VBA/75fe791a682b80eef9dfd75287f1c087f7234847resized_image.png,5,VBA
../db/malevis_train/VBA/241a12ef531532fc29c16cc9b952f134b0864269resized_image.png,5,VBA
../db/malevis_train/VBA/793a03658116413f1270807598c1d752566e6467resized_image.png,5,VBA
../db/malevis_train/VBA/833871d8563f6f74dbe19748f2e4703b4c987675resized_image.png,5,VBA
../db/malevis_train/VBA/8fd56f74a32c68dcea42056bf7a6512fdad80076resized_image.png,5,VBA
../db/malevis_train/VBA/a34ded33bb97b5371bbc80a87c4fd3dbd0b68600resized_image.png,5,VBA
../db/malevis_train/VBA/6992dbbce3c96e5f91e0ea87125e9f08eaddc97eresized_image.png,5,VBA
../db/malevis_train/Regrun/301bdc139771bbdd3f8982f17794cbca61bd195cresized_image.png,6,Regrun
../db/malevis_train/Regrun/56082cfea0872be52cd78578c5ef21c109b89453resized_image.png,6,Regrun
../db/malevis_train/Regrun/c8e64e77ea33c045c3b8c262e7b27cd261f3cb62resized_image.png,6,Regrun
../db/malevis_train/Regrun/214ff95e36fb85f11629cce24a405d18d5169ba0resized_image.png,6,Regrun
../db/malevis_train/Regrun/76a27e7c6f965f75576f59fe3acef69ee143653cresized_image.png,6,Regrun
../db/malevis_train/Regrun/511146a5209a3cc27943c2e88b6f458b895bbe78resized_image.png,6,Regrun
../db/malevis_train/Regrun/c157cc8f40a96e5b25647fb1dd6eb5be6ad78725resized_image.png,6,Regrun
../db/malevis_train/Regrun/9f5388347cb7ed974f7be93300235e871dc11bb4resized_image.png,6,Regrun
../db/malevis_train/Regrun/45c6791c6ff6d32b38b8d81036eb75d12d140b35resized_image.png,6,Regrun
../db/malevis_train/Regrun/9468c9addc4ded2340341b587e35afbffd95ed91resized_image.png,6,Regrun
../db/malevis_train/Regrun/58a96e1a54621978984636122bf0450725f0d980resized_image.png,6,Regrun
../db/malevis_train/Regrun/88cd6a585ecede13c1bf5f0ca99b5b6c1f7aace7resized_image.png,6,Regrun
../db/malevis_train/Regrun/686a4a3f9961d201185b8349a8f1b9dbc6dccd8cresized_image.png,6,Regrun
../db/malevis_train/Regrun/259d9c8fefe86fc8cb95bb11ccaf5ec966238593resized_image.png,6,Regrun
../db/malevis_train/Regrun/029f020a6b5bdf056aa3f078f9dc67f0c159a6afresized_image.png,6,Regrun
../db/malevis_train/Regrun/977320d41e94b540938256a028259ceef4469981resized_image.png,6,Regrun
../db/malevis_train/Regrun/51ce1b0ee55a9400ad5335428170bfc5971ff497resized_image.png,6,Regrun
../db/malevis_train/Regrun/6c6b381bcd426e2345b8cdd6d9988a8603af5b26resized_image.png,6,Regrun
../db/malevis_train/Regrun/52b45060374d50adb04256c01aad94019c349333resized_image.png,6,Regrun
../db/malevis_train/Regrun/167f23b0b2e13399d9dabc6849741f9a2f2efeb8resized_image.png,6,Regrun
../db/malevis_train/Regrun/1357fe8a2e4b9d1324e56e360c7921b20da3a8f1resized_image.png,6,Regrun
../db/malevis_train/Regrun/1202a62f7d854eaafd92dba14525f8da73a40664resized_image.png,6,Regrun
../db/malevis_train/Regrun/722efb8df01d079c2035388922ce887e44b7dc6cresized_image.png,6,Regrun
../db/malevis_train/Regrun/7d9e971a334df805aa10df0f763f3ec35cc598ebresized_image.png,6,Regrun
../db/malevis_train/Regrun/1975d5a41cca7f8b81c3529ed421684ef32e2bafresized_image.png,6,Regrun
../db/malevis_train/Regrun/261e0e66bd84ab0299834837759f04a972379b39resized_image.png,6,Regrun
../db/malevis_train/Regrun/191114b5219db9377d3d3a94c8b85b05eee81b51resized_image.png,6,Regrun
../db/malevis_train/Regrun/046338e2905094fd56540315f9339642386e3538resized_image.png,6,Regrun
../db/malevis_train/Regrun/71da214ba6a42f974009950b383e2e156e9dfbb7resized_image.png,6,Regrun
../db/malevis_train/Injector/aca0524d65d54b4893b1ffcede9b35421c92030bresized_image.png,7,Injector
../db/malevis_train/Injector/1dec84869f58497e365150346a844f459ce4ece7resized_image.png,7,Injector
../db/malevis_train/Injector/c5b70a21eaafff8482ca0c6f1f9ce6038cca525fresized_image.png,7,Injector
../db/malevis_train/Injector/3f51faf9924be28392b184d8a06e1b5633a42bfdresized_image.png,7,Injector
../db/malevis_train/Injector/a033acca3b21e72d416b36a0f47ac8c37382604aresized_image.png,7,Injector
../db/malevis_train/Injector/4cc7d4e790d198d1e9466e0a5344eef82803be5bresized_image.png,7,Injector
../db/malevis_train/Injector/09497c585d05923e8d4e3540b54395386c707b4eresized_image.png,7,Injector
../db/malevis_train/Injector/0b3c9e361d2e4a8a8155605cf835a61f6a12f000resized_image.png,7,Injector
../db/malevis_train/Injector/a03b71e98e18781df8917cfeeaa20fb7cb0fd401resized_image.png,7,Injector
../db/malevis_train/Injector/83a8899707a4107880a2559ff8be8e9ab9a173c3resized_image.png,7,Injector
../db/malevis_train/Injector/9a2c867cc903baca27aa07c9abb101cc721fdac1resized_image.png,7,Injector
../db/malevis_train/Injector/a874c453702e545455b72d90a798d2b062d86928resized_image.png,7,Injector
../db/malevis_train/Injector/6222a68284c25f8094ac1c656ec98782db67d9bdresized_image.png,7,Injector
../db/malevis_train/Injector/98e82ff214c9dc739a765be33122acbc3f0e0a3aresized_image.png,7,Injector
../db/malevis_train/Injector/a472d52194472f4d03d0162ad85725faa58c6ca9resized_image.png,7,Injector
../db/malevis_train/Injector/a3a50a3ba1711aee8cf0833012dff1181e6f5de0resized_image.png,7,Injector
../db/malevis_train/Injector/687acb9cd288791cab7fe1319dd6d74f0eed93bdresized_image.png,7,Injector
../db/malevis_train/Injector/9dd8ba17cbaa2e661d8874c2f23c28075fb38084resized_image.png,7,Injector
../db/malevis_train/Injector/9ee6105675d70c6a90101ae0a27be550d2026777resized_image.png,7,Injector
../db/malevis_train/Injector/c7d8ac2fa01432f24b636a9207f605d8088cbdbfresized_image.png,7,Injector
../db/malevis_train/Injector/ae3308f0f02e7ff26ebc030a23e6457320e8f0dfresized_image.png,7,Injector
../db/malevis_train/Injector/ac08e6212246c793044626bdba45837cd73b16efresized_image.png,7,Injector
../db/malevis_train/Injector/9f5c492faf7579d00cf34bb104a9f4e3707ee7ffresized_image.png,7,Injector
../db/malevis_train/Injector/a01b909eb82bdadc94b72246e536de9bb25d809eresized_image.png,7,Injector
../db/malevis_train/Injector/5cc1e4885ff07e11cb7f1127ec7056d56711ab1eresized_image.png,7,Injector
../db/malevis_train/Injector/196947272becb1ce14a7bb407507fd6087e13a78resized_image.png,7,Injector
../db/malevis_train/Injector/4dcba6eac020059b0445a113912df85f49dfaf9eresized_image.png,7,Injector
../db/malevis_train/Injector/805419c2b8f29cc9b96f2b1ac223418b0dae3a6eresized_image.png,7,Injector
../db/malevis_train/Injector/b57cb59ffa8238e19996c6ee8cceb3b32d434cc5resized_image.png,7,Injector
../db/malevis_train/BrowseFox/41be60ce1977a18aa3b074489fbe294cc6d75686resized_image.png,8,BrowseFox
../db/malevis_train/BrowseFox/1ed135988a751c711431bbd4283524c3070537a0resized_image.png,8,BrowseFox
../db/malevis_train/BrowseFox/46c504ec50bb5c4595e4126a458f27e9a64efbd3resized_image.png,8,BrowseFox
../db/malevis_train/BrowseFox/83a15a7b9ff6240a6227590131c3dc685128e65eresized_image.png,8,BrowseFox
../db/malevis_train/BrowseFox/3ba5ae8f7276a74664f74c395fecc38f48aa0f5aresized_image.png,8,BrowseFox
../db/malevis_train/BrowseFox/321acf98c88c429a2d06eaa7437e0dfdafb9bfebresized_image.png,8,BrowseFox
../db/malevis_train/BrowseFox/6c6404cbe2949eaa1694b3df9e6667e8515ae4ceresized_image.png,8,BrowseFox
../db/malevis_train/BrowseFox/218d8e11b343a117e78a2b8670350566eed4ab5aresized_image.png,8,BrowseFox
../db/malevis_train/BrowseFox/6f8849a13fe361196c734a09d6ab1b4d3947b816resized_image.png,8,BrowseFox
../db/malevis_train/BrowseFox/301a02ecbb3217322ea132de31438c6282778600resized_image.png,8,BrowseFox
../db/malevis_train/BrowseFox/65f3d7304e8a6a7dd3ab5fcb250c9aa28a7d79ccresized_image.png,8,BrowseFox
../db/malevis_train/BrowseFox/1f2363d396b3b351c272e150e9efcbc4053f037dresized_image.png,8,BrowseFox
../db/malevis_train/BrowseFox/05cd0aa283ccfe0163dff35c20cbf77a759bba66resized_image.png,8,BrowseFox
../db/malevis_train/BrowseFox/90dcbf3685063f274f615eeba2a49ac629a3a8b4resized_image.png,8,BrowseFox
../db/malevis_train/BrowseFox/4a43c17257e5bc9d624c5adeb19e1b4dcf8348afresized_image.png,8,BrowseFox
../db/malevis_train/BrowseFox/9ba31902b3d3c040a83dffb19ef5188850d3a331resized_image.png,8,BrowseFox
../db/malevis_train/BrowseFox/6f7888def04f3da07b6052a9fdb98208d492f7b2resized_image.png,8,BrowseFox
../db/malevis_train/BrowseFox/37bfdcfcb0f01992f6c7c5081a3c6df6fd61ae7cresized_image.png,8,BrowseFox
../db/malevis_train/BrowseFox/120aeac816225eca95a20e4f0244b7e0641d7d66resized_image.png,8,BrowseFox
../db/malevis_train/BrowseFox/90dc76532c75ba43fa0f4d34ded8f4b173ff04earesized_image.png,8,BrowseFox
../db/malevis_train/BrowseFox/3b7b795ccce8c9baddbd6ec6dfea5c200c7ad8a6resized_image.png,8,BrowseFox
../db/malevis_train/BrowseFox/84fb8cab1150fcc31aa3b30afb1914f54ec80ee1resized_image.png,8,BrowseFox
../db/malevis_train/BrowseFox/84eae6346b600342b2f78c19eba84370c4b2c698resized_image.png,8,BrowseFox
../db/malevis_train/BrowseFox/3ef4dc2446b73a4ed9e5f3e0e5134647a0ab61b0resized_image.png,8,BrowseFox
../db/malevis_train/BrowseFox/3f2ddb5de2c6285f22209b4288a5eb8d822238e4resized_image.png,8,BrowseFox
../db/malevis_train/BrowseFox/93c1b9c95d0562240830cc57487058efb49c962aresized_image.png,8,BrowseFox
../db/malevis_train/BrowseFox/50f2ea85d59b8fbb8dec7daac268cabb417b35f3resized_image.png,8,BrowseFox
../db/malevis_train/BrowseFox/589e34e4c33e11358c8f44bcb52d80140a8dafbfresized_image.png,8,BrowseFox
../db/malevis_train/BrowseFox/96d9c6958855bd712cdfd7f3e83ba051ff9e98a6resized_image.png,8,BrowseFox
../db/malevis_train/Fasong/6ce7fff2e73d2e051b4ae064dfb60a017788fa3eresized_image.png,9,Fasong
../db/malevis_train/Fasong/6141c48e99d7b89aef2ea06116157d232a92c2a0resized_image.png,9,Fasong
../db/malevis_train/Fasong/61d3977e894c62392c3c1138e13c003300cca5e4resized_image.png,9,Fasong
../db/malevis_train/Fasong/92f4b844cd2bdeaad43caa417926cbfb5d3a3c66resized_image.png,9,Fasong
../db/malevis_train/Fasong/7b731de40aa312d4162c82829bce6611d944ec1dresized_image.png,9,Fasong
../db/malevis_train/Fasong/5af86ee26cafdf24afee0ff336a94dd24cd1bdb6resized_image.png,9,Fasong
../db/malevis_train/Fasong/7f3df1427616e5d9f92e70c9c96d1cb499aa3710resized_image.png,9,Fasong
../db/malevis_train/Fasong/75cbfc747e2cb039c2e7e051d811a52713aa44c1resized_image.png,9,Fasong
../db/malevis_train/Fasong/60fc3bd80dc3f528e903eb7e925341304baaa9aeresized_image.png,9,Fasong
../db/malevis_train/Fasong/9d8908b58580dd7c3b62d9e1d5a405bbf58780c9resized_image.png,9,Fasong
../db/malevis_train/Fasong/5c1a16e3c354e1927638c6a579f1ba48f3aa7990resized_image.png,9,Fasong
../db/malevis_train/Fasong/6647c2e13ab5cebb68c0c5bcef71a5f708205897resized_image.png,9,Fasong
../db/malevis_train/Fasong/6df8829b989cdadcce51bb8e5619432487966dd4resized_image.png,9,Fasong
../db/malevis_train/Fasong/6de0879fd0cd1bdadd6300a6cd2c109ccea29e05resized_image.png,9,Fasong
../db/malevis_train/Fasong/80f4dbd72c1878e337fa4595e2ba2b874c6813f7resized_image.png,9,Fasong
../db/malevis_train/Fasong/7a0e7b5a2b979c0c2277b8241175ae137d0dd351resized_image.png,9,Fasong
../db/malevis_train/Fasong/6456d2036a18b865c5ede38d5923c86968402babresized_image.png,9,Fasong
../db/malevis_train/Fasong/6b857e8cca0b2b308d334daf9bf9fb6cc394d8e9resized_image.png,9,Fasong
../db/malevis_train/Fasong/5e925ee9aa3c8ac785efe4b543db96182788134fresized_image.png,9,Fasong
../db/malevis_train/Fasong/9c333d3c1ec92fd11d52f5a1a308bd2d1f8d5fbdresized_image.png,9,Fasong
../db/malevis_train/Fasong/70a0fb3183a0938cd8caa8449ff7b2821fb89b72resized_image.png,9,Fasong
../db/malevis_train/Fasong/6816c33156e14845762b378148aff40bbb650ea0resized_image.png,9,Fasong
../db/malevis_train/Fasong/8d5c2a0d4d3029d51102f654456861233791445eresized_image.png,9,Fasong
../db/malevis_train/Fasong/7031b096095eb6cb03254ffb45264f987d588343resized_image.png,9,Fasong
../db/malevis_train/Fasong/70e5f88f4c561c3789f9bfad58d3bc991cfe1b81resized_image.png,9,Fasong
../db/malevis_train/Fasong/5d7529e29ef1a8442c30c455d681885601a17f3dresized_image.png,9,Fasong
../db/malevis_train/Fasong/8982a6c09189695b68e5ea663acb4c66bbb10dbfresized_image.png,9,Fasong
../db/malevis_train/Fasong/73e130f8f5019490273428f204b308ae0afb29e8resized_image.png,9,Fasong
../db/malevis_train/Fasong/7d491416636b8a8a680b984fb48a4f44a38d910bresized_image.png,9,Fasong
../db/malevis_train/Allaple/d37448c1adb542852f109a2aa57fc84168caf9bdresized_image.png,10,Allaple
../db/malevis_train/Allaple/9e411125eebd20a9b0eb7a99a501ff8359cc938bresized_image.png,10,Allaple
../db/malevis_train/Allaple/7ff07ac5f438a943233d6f2533ba97b7fc5176d1resized_image.png,10,Allaple
../db/malevis_train/Allaple/925f1058b77be7d151417d1b2354fbddbefb0998resized_image.png,10,Allaple
../db/malevis_train/Allaple/acdfd94df2ff885dd56a3befc0417b81068ada0eresized_image.png,10,Allaple
../db/malevis_train/Allaple/d209cabe99dbcc5c05a0661e39d65c6d04cde854resized_image.png,10,Allaple
../db/malevis_train/Allaple/d226ec3b3c312743621e3958f13dd76abad28927resized_image.png,10,Allaple
../db/malevis_train/Allaple/d22c2eb4ff99348586ca29da78b70fed70c38226resized_image.png,10,Allaple
../db/malevis_train/Allaple/da484e889ffa6ec9042cb7e26b606c9357bf0c24resized_image.png,10,Allaple
../db/malevis_train/Allaple/d61e3eb3b96bf11c0d04dbc395177eed17e6fe73resized_image.png,10,Allaple
../db/malevis_train/Allaple/a96a6e34aeec7b4207c3b485aff2d8357b4a08b5resized_image.png,10,Allaple
../db/malevis_train/Allaple/a555446822eab01f7923ebb11d243dae02639676resized_image.png,10,Allaple
../db/malevis_train/Allaple/9cc6ce6c8636a674ba3aa0d831da35715b107596resized_image.png,10,Allaple
../db/malevis_train/Allaple/cd13346967e806221a5abc3d335899464ce805c9resized_image.png,10,Allaple
../db/malevis_train/Allaple/a50969e26eb1078abe8ee8f3877560068a21feb0resized_image.png,10,Allaple
../db/malevis_train/Allaple/ca686ba77a98244a12ac08a2ce855d771d0000a9resized_image.png,10,Allaple
../db/malevis_train/Allaple/b3e9cc5a9a16dcdda2b682f4d97083eb16afcbf4resized_image.png,10,Allaple
../db/malevis_train/Allaple/7f6eb61cc1008d209139755859dea3a7fdbb0d76resized_image.png,10,Allaple
../db/malevis_train/Allaple/7e83f1f1de7ebf5735cecbd88cd10735fe9cb37dresized_image.png,10,Allaple
../db/malevis_train/Allaple/d97600b0d7dce5182feafd6bc91d920a3beda071resized_image.png,10,Allaple
../db/malevis_train/Allaple/ab80bc8aa52997807a61a43170c3fd78d5bf4ba8resized_image.png,10,Allaple
../db/malevis_train/Allaple/9b4afd158a46bfabfee604a2c3fe597284308bb1resized_image.png,10,Allaple
../db/malevis_train/Allaple/ab31bb98f9675e7bf52d2ea7185a14426a12e810resized_image.png,10,Allaple
../db/malevis_train/Allaple/8b54397218c9dfbcc932c5b900ce87dd5dc4a008resized_image.png,10,Allaple
../db/malevis_train/Allaple/d7734f49475f96d6f3d022cd32389dff1281d304resized_image.png,10,Allaple
../db/malevis_train/Allaple/d7a7c68050df9e5aa5c9b85cec57c62f9f6668a3resized_image.png,10,Allaple
../db/malevis_train/Allaple/8021ac06482f25f0a30c42f8e7c9405c9c791751resized_image.png,10,Allaple
../db/malevis_train/Allaple/8102943ea2e13a0c611cbd76658e5fc202638407resized_image.png,10,Allaple
../db/malevis_train/Allaple/33d231011981608b17cd47f03d373343172072c7resized_image.png,10,Allaple
../db/malevis_train/Agent/66d23704a1c08fbfcefb37c7911afdc8eab5793eresized_image.png,11,Agent
../db/malevis_train/Agent/648e9c45b06ae9f12b122648f6a0bb2b16fe6060resized_image.png,11,Agent
../db/malevis_train/Agent/630c406588ae6ab66058308ceb772be093d16505resized_image.png,11,Agent
../db/malevis_train/Agent/67d2a9fb4c96cae7341dff67fc0c1cf43c88ab20resized_image.png,11,Agent
../db/malevis_train/Agent/75ea9c544e4ecf3b2baefb4ecd69f5fca22bb84aresized_image.png,11,Agent
../db/malevis_train/Agent/8dc3b55a64d5ab422b437f6545b505eee239ab42resized_image.png,11,Agent
../db/malevis_train/Agent/3d5a137d3f585ee5876ecd724259896c9d72703cresized_image.png,11,Agent
../db/malevis_train/Agent/862daa5bad60a738a5fcb7f34a3c8b7b9e067d08resized_image.png,11,Agent
../db/malevis_train/Agent/2381c757d815fbf82e855d98d3c5d442072e9529resized_image.png,11,Agent
../db/malevis_train/Agent/886c122b880bee6de3fb82ec8de2d2291e3763earesized_image.png,11,Agent
../db/malevis_train/Agent/124571cdda6887dd560bf88cf36aeebf694a14caresized_image.png,11,Agent
../db/malevis_train/Agent/59b2ec33d59919a941bd59390176813b6a8e9e32resized_image.png,11,Agent
../db/malevis_train/Agent/7a53d6de370a6403349d10e891df902a3de38963resized_image.png,11,Agent
../db/malevis_train/Agent/9eed11b641fdb1fe5fac85930dbc8d5c2770fa8bresized_image.png,11,Agent
../db/malevis_train/Agent/78118b4c98fe05d491629368be09bade67735a8dresized_image.png,11,Agent
../db/malevis_train/Agent/895c0e1d9763fadd357d0caf40a6bcb298eee97bresized_image.png,11,Agent
../db/malevis_train/Agent/7fe048565df3996ad46d30d3557943381d42787dresized_image.png,11,Agent
../db/malevis_train/Agent/81c4afe481650fd85831e970f7000c8ed61d9957resized_image.png,11,Agent
../db/malevis_train/Agent/841c4fddfbbf8ebda13bb648cab01b11e92f091eresized_image.png,11,Agent
../db/malevis_train/Agent/6d2c3b0f3a8de88f9d7d849900d85b3895b0433aresized_image.png,11,Agent
../db/malevis_train/Agent/2767deecc12ae22c4ed965749912d511f85f4dc2resized_image.png,11,Agent
../db/malevis_train/Agent/66e14c058d9daf35edea8319545352bba44abb9cresized_image.png,11,Agent
../db/malevis_train/Agent/86a4989f5b74df34da1e7e07d67140f1aa04c3f0resized_image.png,11,Agent
../db/malevis_train/Agent/88073eb98970939f760d99044b012999d7b3c02dresized_image.png,11,Agent
../db/malevis_train/Agent/7095c86b874f9dd503cdcb195893160c5c3f9e71resized_image.png,11,Agent
../db/malevis_train/Agent/751e83490452587a477c35e34ac65926aee93257resized_image.png,11,Agent
../db/malevis_train/Agent/01fe36d4c0599ba0284c6276a438a9353a1ade2cresized_image.png,11,Agent
../db/malevis_train/Agent/376957fe2b613eec0b7b4a8074b438dbe1613d90resized_image.png,11,Agent
../db/malevis_train/Agent/04561eba1c6cf4a432d98172af43da047bc61610resized_image.png,11,Agent
../db/malevis_train/Amonetize/1684d9839b0959bc697278a01d4250c6a4bebce6resized_image.png,12,Amonetize
../db/malevis_train/Amonetize/afb8e32359bca8297ac509bbc24894682f4cf96fresized_image.png,12,Amonetize
../db/malevis_train/Amonetize/afa230117aedebde0e4eee5759b7650f86692610resized_image.png,12,Amonetize
../db/malevis_train/Amonetize/685b356f373c5e0768f262d1cf17cfc712124e1dresized_image.png,12,Amonetize
../db/malevis_train/Amonetize/42bc133373fc7bfc2d3fa7b2c16da4180375e2efresized_image.png,12,Amonetize
../db/malevis_train/Amonetize/45eb6943db1be0530415b214fa53c919da79afb1resized_image.png,12,Amonetize
../db/malevis_train/Amonetize/8fe7fb4f94653a13d2adbb614bfe4dd1daebb3f5resized_image.png,12,Amonetize
../db/malevis_train/Amonetize/688b44ad3dcfcd5d0ce154eb8f954d8fb58b586fresized_image.png,12,Amonetize
../db/malevis_train/Amonetize/8a73c7c254a288041b685202240cb02e3d26ff6cresized_image.png,12,Amonetize
../db/malevis_train/Amonetize/8ef32d66f3f2aa9c1fba18c18af6316a6472044dresized_image.png,12,Amonetize
../db/malevis_train/Amonetize/80b81e46c5d433ac05c7d9cfaf297b8bbc2344a2resized_image.png,12,Amonetize
../db/malevis_train/Amonetize/6f1bf2ee3deb2fcfa2be73fbb056bf517666dcb4resized_image.png,12,Amonetize
../db/malevis_train/Amonetize/b86d3bf46b80ce06331634bf833c3d80cb1b6883resized_image.png,12,Amonetize
../db/malevis_train/Amonetize/529c1662c018e6237914c56de86f5a260a4a9c52resized_image.png,12,Amonetize
../db/malevis_train/Amonetize/23239299b964774f01e8d3039d70c3619673fed9resized_image.png,12,Amonetize
../db/malevis_train/Amonetize/49ae5af70a29d8b8f018ebb5aa699ede4021a04eresized_image.png,12,Amonetize
../db/malevis_train/Amonetize/42c29705e8c77eb7018ca1bae8888ba15d53c664resized_image.png,12,Amonetize
../db/malevis_train/Amonetize/64287aaabbca9b2c8672b8e874f272f08d6165a6resized_image.png,12,Amonetize
../db/malevis_train/Amonetize/9a71d66ec93051c657e53eb4e99c9c4badca1ec5resized_image.png,12,Amonetize
../db/malevis_train/Amonetize/753a669ffb910a1dce0dd7f894b6c72b0ff049ffresized_image.png,12,Amonetize
../db/malevis_train/Amonetize/9a8bd0f955397cd995541f13f6c94173c7af7884resized_image.png,12,Amonetize
../db/malevis_train/Amonetize/8bf70319eec439c14dd3b89bdbd658f280acf7e7resized_image.png,12,Amonetize
../db/malevis_train/Amonetize/7749ff6db703580fcc57dbebf58ebcbdf50f2592resized_image.png,12,Amonetize
../db/malevis_train/Amonetize/10b7f978a8b2b2a15f12b4721586da2807d89e20resized_image.png,12,Amonetize
../db/malevis_train/Amonetize/50e0bc68351a3194121a40a08ba2ec4bcb79602eresized_image.png,12,Amonetize
../db/malevis_train/Amonetize/4b4491019f06c533f711abfd55b7640e145cd944resized_image.png,12,Amonetize
../db/malevis_train/Amonetize/ab51151ab3da678c822cfe8f9925b08f612fea62resized_image.png,12,Amonetize
../db/malevis_train/Amonetize/1acff19f43f96672793b67a2c86fef03122fc65aresized_image.png,12,Amonetize
../db/malevis_train/Amonetize/a11ec87099bc414c5481c2ccfd458cee66d50fe0resized_image.png,12,Amonetize
../db/malevis_train/Other/5b3439cb-1ee5-4081-b05c-a790d141b38c--resized.png,13,Other
../db/malevis_train/Other/4f61d1e7-5dcc-49fd-96ff-2fb2f3481710--resized.png,13,Other
../db/malevis_train/Other/5dcef97a-5b4c-43fb-aae7-9c742ac712fb--resized.png,13,Other
../db/malevis_train/Other/02d428f1-37bd-4df6-8e00-9c413baad9d1--resized.png,13,Other
../db/malevis_train/Other/4cae7461-5f8a-492c-b954-d25d18fa72b5--resized.png,13,Other
../db/malevis_train/Other/6a631a91-11f2-4b45-89f2-df026bf45a1e--resized.png,13,Other
../db/malevis_train/Other/5c3722bf-8c01-4e95-b230-85ef318365dd--resized.png,13,Other
../db/malevis_train/Other/5b26fa00-5eff-4a4f-a6e5-be9a42480ed6--resized.png,13,Other
../db/malevis_train/Other/2dd4ec85-e99c-4fd6-a4cd-6239f06cfc42--resized.png,13,Other
../db/malevis_train/Other/5a2745a2-813e-442f-ad9f-b07e8649f84e--resized.png,13,Other
../db/malevis_train/Other/1a2a395a-3d42-439e-939d-e883976c817c--resized.png,13,Other
../db/malevis_train/Other/6cc1f3e9-a1ec-45b7-8aa5-d606b0982ecf--resized.png,13,Other
../db/malevis_train/Other/000dcfb8-da88-4eb1-825e-2b46885ce790--resized.png,13,Other
../db/malevis_train/Other/1d51822a-9089-4125-833e-6c3fbb564945--resized.png,13,Other
../db/malevis_train/Other/01c96748-d6b0-495d-ae7b-af88e0e8542b--resized.png,13,Other
../db/malevis_train/Other/3e051e47-6112-4534-8c5c-8868961e7926--resized.png,13,Other
../db/malevis_train/Other/03b535b6-9100-4a4d-bc3d-5cf854af1a3e--resized.png,13,Other
../db/malevis_train/Other/00d2fb36-ae1a-4f74-b117-f1195543e321--resized.png,13,Other
../db/malevis_train/Other/1fe8cb3a-5246-4b64-84ae-27904c4dfa77--resized.png,13,Other
../db/malevis_train/Other/0b671792-1ab1-4845-8c98-4791a8874117--resized.png,13,Other
../db/malevis_train/Other/4b7ccefc-9b03-44ad-9899-5827e6a52b5d--resized.png,13,Other
../db/malevis_train/Other/4cc845c5-715f-481c-b188-585a2d1c8387--resized.png,13,Other
../db/malevis_train/Other/2aa63b70-14d0-4469-9fcf-a86619a90568--resized.png,13,Other
../db/malevis_train/Other/3bec97d7-c627-4e04-a2dc-2b97bc057f8e--resized.png,13,Other
../db/malevis_train/Other/1e0a2a09-4d3d-428c-bfcb-f6f4e3b7d43a--resized.png,13,Other
../db/malevis_train/Other/3d523532-867e-4a09-b268-0bfef1196b7a--resized.png,13,Other
../db/malevis_train/Other/6b0c5b6f-1ddd-43ad-a22d-1d6916f3fac4--resized.png,13,Other
../db/malevis_train/Other/3ac0c269-95c5-44af-8526-fb2e551a274c--resized.png,13,Other
../db/malevis_train/Other/3dffbe58-9fb3-4ac2-bc65-b0be6feae4c6--resized.png,13,Other
../db/malevis_train/VBKrypt/8c3d8f8c5c8bf7a9b00d7c79253c3a84ba2c1f49resized_image.png,14,VBKrypt
../db/malevis_train/VBKrypt/849e5fab2a413a826601b5d8e84fc7bb8d29787bresized_image.png,14,VBKrypt
../db/malevis_train/VBKrypt/87046eae0355daa88dc7509511ebdc922074289fresized_image.png,14,VBKrypt
../db/malevis_train/VBKrypt/0957375163f34c465ad0a42df25878eb636bbc77resized_image.png,14,VBKrypt
../db/malevis_train/VBKrypt/7dd2f941d1629775c556806143617f048e2f8a15resized_image.png,14,VBKrypt
../db/malevis_train/VBKrypt/8b96ae4d1e15f9c113d5ee48900eee75156909efresized_image.png,14,VBKrypt
../db/malevis_train/VBKrypt/51d71c7ed475fbd2165973d288e3e59abbdde08eresized_image.png,14,VBKrypt
../db/malevis_train/VBKrypt/5cba933b592d0365a66a2000ef82076fef5b11f4resized_image.png,14,VBKrypt
../db/malevis_train/VBKrypt/a1d647e27102661a168d77907b714910350538c6resized_image.png,14,VBKrypt
../db/malevis_train/VBKrypt/92fd8d64c8dcbf3eb453f8389534ac790950293eresized_image.png,14,VBKrypt
../db/malevis_train/VBKrypt/9daabf243c8ffee62d17391b44fbd653114aa082resized_image.png,14,VBKrypt
../db/malevis_train/VBKrypt/7bb8872fe5838630e6bd8f2527284d228d30528eresized_image.png,14,VBKrypt
../db/malevis_train/VBKrypt/2223b8e571740e9d52c05a6581abe6a51fe8fd99resized_image.png,14,VBKrypt
../db/malevis_train/VBKrypt/8e8ee55f7e6343ccc88aac21d559a5397b40704cresized_image.png,14,VBKrypt
../db/malevis_train/VBKrypt/019df5b6f3684b4dcdca7b214ac75b9155393400resized_image.png,14,VBKrypt
../db/malevis_train/VBKrypt/4857e665c8e8a60c4f11b04e6f09fae7d4eeb291resized_image.png,14,VBKrypt
../db/malevis_train/VBKrypt/a6fc603ce2df127a0d997c08c505d8230442bc97resized_image.png,14,VBKrypt
../db/malevis_train/VBKrypt/62351a665fd6c4bf9a6478e98c77febed710c53eresized_image.png,14,VBKrypt
../db/malevis_train/VBKrypt/0b988a16ab990c294003ce77795a98ce82382c60resized_image.png,14,VBKrypt
../db/malevis_train/VBKrypt/1a195aea501abd1ad63fce9c3daa56e0baea6229resized_image.png,14,VBKrypt
../db/malevis_train/VBKrypt/3602cca791600afbe3e7454809912a2415f95c45resized_image.png,14,VBKrypt
../db/malevis_train/VBKrypt/3bb10bc7a754df6f405eb0d48aa7795d02e0e0bcresized_image.png,14,VBKrypt
../db/malevis_train/VBKrypt/6320611e436834da8360c9873872083b0dffd8e6resized_image.png,14,VBKrypt
../db/malevis_train/VBKrypt/18a55cc03a823fb855171aa76f230708ea9d1bc1resized_image.png,14,VBKrypt
../db/malevis_train/VBKrypt/9b4b53db37e0d4ce21eeab861ea15366815e03e0resized_image.png,14,VBKrypt
../db/malevis_train/VBKrypt/85c08929491c4d4be10403482dce8a223c299136resized_image.png,14,VBKrypt
../db/malevis_train/VBKrypt/cd63b4d758a068c480ecf821c821f355a55f7e2eresized_image.png,14,VBKrypt
../db/malevis_train/VBKrypt/283193304470073f75a71327b4c3512888b61f8aresized_image.png,14,VBKrypt
../db/malevis_train/VBKrypt/40a3585e0a642f0bf47353e19f90a0da21069f7cresized_image.png,14,VBKrypt
../db/malevis_train/HackKMS/a0357f1e1897bccfdee47093baa8ab570e51e62dresized_image.png,15,HackKMS
../db/malevis_train/HackKMS/06f77ca7abe1d2ac1b71525779ed2a53ed369cddresized_image.png,15,HackKMS
../db/malevis_train/HackKMS/05dc5de2539e732d3a42e145c61a17780374a77dresized_image.png,15,HackKMS
../db/malevis_train/HackKMS/5f8d0c86a368b46ee2675aeb1d0cbb0232bad22cresized_image.png,15,HackKMS
../db/malevis_train/HackKMS/a0b532b77c5b73cf37b426b9e948e252cabc0401resized_image.png,15,HackKMS
../db/malevis_train/HackKMS/95239606ef56198c024a3fea432bc95b3a75d16dresized_image.png,15,HackKMS
../db/malevis_train/HackKMS/444a14b55e4005b323aa657298e628021125790fresized_image.png,15,HackKMS
../db/malevis_train/HackKMS/396c39799e30c38af9c9aef369c31359c956d6bfresized_image.png,15,HackKMS
../db/malevis_train/HackKMS/511398f025d1c95facf7fe6cb07a969a6f924735resized_image.png,15,HackKMS
../db/malevis_train/HackKMS/364209d4fcac3975e58cc021caaaa3bda67a18f7resized_image.png,15,HackKMS
../db/malevis_train/HackKMS/a51f79042ee14a06f040f26104eb5389e652d5feresized_image.png,15,HackKMS
../db/malevis_train/HackKMS/95a075b0ec6fa031fe190814ef8208c9d3d3886eresized_image.png,15,HackKMS
../db/malevis_train/HackKMS/258efc78be321b190d3207a7acc5064975a18554resized_image.png,15,HackKMS
../db/malevis_train/HackKMS/58ab648d2e106da23114f2aec5713bc90b3f3b71resized_image.png,15,HackKMS
../db/malevis_train/HackKMS/8ea289a11c3eeb2bc8fd7ca0809153cbac9454c7resized_image.png,15,HackKMS
../db/malevis_train/HackKMS/289633f0d9e2eef37075eafe6e6ac6eaf2fab363resized_image.png,15,HackKMS
../db/malevis_train/HackKMS/7a484f08f549bfd8ce67551b43f73d818e25f124resized_image.png,15,HackKMS
../db/malevis_train/HackKMS/ac369f660d8cbf35ab84c1cf54f05c4396dc3b6bresized_image.png,15,HackKMS
../db/malevis_train/HackKMS/03c28836767c8792e0f830e211bb15636a9ac382resized_image.png,15,HackKMS
../db/malevis_train/HackKMS/168622f6891fff7af58acd30d362df3144fbdb71resized_image.png,15,HackKMS
../db/malevis_train/HackKMS/a0f7c020480e132e34fd6af854ea56c128102fc8resized_image.png,15,HackKMS
../db/malevis_train/HackKMS/7b3ea11307e3b29cd0b55b4a32013839e0526884resized_image.png,15,HackKMS
../db/malevis_train/HackKMS/9d4337872ca292ad7fc544f57f82f0ea36b7209fresized_image.png,15,HackKMS
../db/malevis_train/HackKMS/2527f0b7c0feb4bd20d6471cdf4dc800a0c29d3fresized_image.png,15,HackKMS
../db/malevis_train/HackKMS/5348fa394d6914754ebd63b6c7c394c975c5ccb6resized_image.png,15,HackKMS
../db/malevis_train/HackKMS/85e26b53e037164973a47708e3923f116be91d7bresized_image.png,15,HackKMS
../db/malevis_train/HackKMS/01f3bcda1c769dc86198f10686f19548d05a87d0resized_image.png,15,HackKMS
../db/malevis_train/HackKMS/3af340c87abf9794c97f63a9a187ec179b956cbcresized_image.png,15,HackKMS
../db/malevis_train/HackKMS/4d2953fe10c8c1ddc2a80f012e7f5f82d649121fresized_image.png,15,HackKMS
../db/malevis_train/Dinwod/9bdb79a1dc709063ed6ec7445a449d93f5c8c54bresized_image.png,16,Dinwod
../db/malevis_train/Dinwod/62ad2b02dbeb4a507bcb6c05d17ee27bce094d23resized_image.png,16,Dinwod
../db/malevis_train/Dinwod/9c5a6daadfddcf745d932ef9b8b5b6f51b9550a6resized_image.png,16,Dinwod
../db/malevis_train/Dinwod/6203dcc577169c6dc1aa19e2440fbe121db29b31resized_image.png,16,Dinwod
../db/malevis_train/Dinwod/9d11c8fe65e77ad0ed13968c81a6d929b3ec020cresized_image.png,16,Dinwod
../db/malevis_train/Dinwod/23c9918778921206970b08d59e2fd0d4dfcf1a34resized_image.png,16,Dinwod
../db/malevis_train/Dinwod/7f0bd9919c2a96702172cf2bf1de9f16ec1d4470resized_image.png,16,Dinwod
../db/malevis_train/Dinwod/51827a59a56ba26e8215991772553c9d4b3bf4dfresized_image.png,16,Dinwod
../db/malevis_train/Dinwod/7dd1e796150c7093ff12f1afb08df2bb020d8d87resized_image.png,16,Dinwod
../db/malevis_train/Dinwod/4d5b96e02f7949b3c89ae0c1e1d2173419402893resized_image.png,16,Dinwod
../db/malevis_train/Dinwod/03e3b0200d4bc87cca8c0243ebe0a2499d505a31resized_image.png,16,Dinwod
../db/malevis_train/Dinwod/46c1115961fda01c112bbc969a84a8f2d4609305resized_image.png,16,Dinwod
../db/malevis_train/Dinwod/830d965f9c349f0ff37ea0d1510038e2c7e2169dresized_image.png,16,Dinwod
../db/malevis_train/Dinwod/9be1ca71bef994be2b6b91b4bda8c294af174e25resized_image.png,16,Dinwod
../db/malevis_train/Dinwod/238072ad58eccecc87ce071447b0bae0761b6b96resized_image.png,16,Dinwod
../db/malevis_train/Dinwod/6b8d7e74b1b7502802cabe8a32a199cbe380ffa5resized_image.png,16,Dinwod
../db/malevis_train/Dinwod/76bd75dee8c599fb5b6a3c0b3a3bddd9f72b33e0resized_image.png,16,Dinwod
../db/malevis_train/Dinwod/3410ae4cd2bebfa168246bdecd9750f0e2f0be44resized_image.png,16,Dinwod
../db/malevis_train/Dinwod/655b10058747310e630434caa13e39af8c0463f4resized_image.png,16,Dinwod
../db/malevis_train/Dinwod/8a89c522352c1a01efea3736c8c49705b169a847resized_image.png,16,Dinwod
../db/malevis_train/Dinwod/9b913387ade2dc091e750f92109e56a02b85de0cresized_image.png,16,Dinwod
../db/malevis_train/Dinwod/933ba564fe14dc6bf9c784bf053b810976911828resized_image.png,16,Dinwod
../db/malevis_train/Dinwod/9abd0f77dc76bde2c2824e700de828d313f6e19dresized_image.png,16,Dinwod
../db/malevis_train/Dinwod/8899a2f15e40f9f83775486b6aa983570149a7d3resized_image.png,16,Dinwod
../db/malevis_train/Dinwod/857072aa48250df96c3a22b17d66cbec64d1818fresized_image.png,16,Dinwod
../db/malevis_train/Dinwod/80b16fe4db8a3e56b1cb6ecba9cf2eaa1520045cresized_image.png,16,Dinwod
../db/malevis_train/Dinwod/a15b79fb1d2601ecba619ea155c2a3b067bc0c8aresized_image.png,16,Dinwod
../db/malevis_train/Dinwod/a4c219b81c054d655d340e0bfae0e7fdc0b64a41resized_image.png,16,Dinwod
../db/malevis_train/Dinwod/9be6943f5bfce9678b64084316dc65884fb1f64eresized_image.png,16,Dinwod
../db/malevis_train/Adposhel/712fba11185576f50a858168101f3b86e18fea2bresized_image.png,17,Adposhel
../db/malevis_train/Adposhel/1077562106104b24fd689ba204fbc4dc281f0e72resized_image.png,17,Adposhel
../db/malevis_train/Adposhel/4fd8999c03488c638e6742f5708ef9df85e4aa82resized_image.png,17,Adposhel
../db/malevis_train/Adposhel/7914ac694d237a132c6cffafeb19a3817b085ffdresized_image.png,17,Adposhel
../db/malevis_train/Adposhel/2facb5d68b79a01541366f56ddcbb9cb2846c8f7resized_image.png,17,Adposhel
../db/malevis_train/Adposhel/05f60dd13423b22a4cc608fb7d6c625ea95b6e37resized_image.png,17,Adposhel
../db/malevis_train/Adposhel/6efc7f720f6e8a4953306aba958dc703ce9749c2resized_image.png,17,Adposhel
../db/malevis_train/Adposhel/6fc76f713c7c69a11f6d20c2c31363ea02b2252aresized_image.png,17,Adposhel
../db/malevis_train/Adposhel/193e5bbbe2d6c472c0aae77a1cb33c0bffd4e997resized_image.png,17,Adposhel
../db/malevis_train/Adposhel/6f13e83fcbdaf159074f253e18ecd314a478fcberesized_image.png,17,Adposhel
../db/malevis_train/Adposhel/806d2bac7c8e0edaa8ae6682d03af6dbfe12bce6resized_image.png,17,Adposhel
../db/malevis_train/Adposhel/9d3720e3d912a5ad4b6ede1e06f4eb4921c97e51resized_image.png,17,Adposhel
../db/malevis_train/Adposhel/32dacdd07d10178edb53878f8edfc6d4e73aa555resized_image.png,17,Adposhel
../db/malevis_train/Adposhel/8263f13e0f22e3f952f9fc43966e344a754afa69resized_image.png,17,Adposhel
../db/malevis_train/Adposhel/2b16561826576d4daf1fc89871a67df96ec78670resized_image.png,17,Adposhel
../db/malevis_train/Adposhel/71b5feaed26b219825ac006536ab35aa25e0225fresized_image.png,17,Adposhel
../db/malevis_train/Adposhel/6dc29f566f6d51368f133ef185eb2c37db2a4b64resized_image.png,17,Adposhel
../db/malevis_train/Adposhel/b7e1836929167827a1cfdac22fee4ba186aab22bresized_image.png,17,Adposhel
../db/malevis_train/Adposhel/87cf41a704784324d55c3cc66cf661c6e5884f95resized_image.png,17,Adposhel
../db/malevis_train/Adposhel/542fe1268a1aba5763ec744d7ed69448225178e4resized_image.png,17,Adposhel
../db/malevis_train/Adposhel/865d78f8307b8969e837f1cafc821d0993a339afresized_image.png,17,Adposhel
../db/malevis_train/Adposhel/490414f8e646fbad11d392106f38ec9b45df72feresized_image.png,17,Adposhel
../db/malevis_train/Adposhel/33ed048758cda674788ecd837e56837c68d5a6f8resized_image.png,17,Adposhel
../db/malevis_train/Adposhel/8499597159727f3ffe0c0760765e4ef306461fcaresized_image.png,17,Adposhel
../db/malevis_train/Adposhel/052ccc067b4c26eb42412b80f8364980c0955469resized_image.png,17,Adposhel
../db/malevis_train/Adposhel/3835ce7ce537703997703717cc137de2d94e2556resized_image.png,17,Adposhel
../db/malevis_train/Adposhel/51bf7aebdf503b4556cc18dd1f744966ade3f77fresized_image.png,17,Adposhel
../db/malevis_train/Adposhel/3e9bfc749cbd54ab8795219ef77c7b9bd2c65958resized_image.png,17,Adposhel
../db/malevis_train/Adposhel/171872cbf654a2f9db9bb59755e4d00a63b42ab7resized_image.png,17,Adposhel
../db/malevis_train/Neshta/7170a5c553934b0e494eebc75d82b20ef40eb2f1resized_image.png,18,Neshta
../db/malevis_train/Neshta/98ae13fa53187e0d1f2a2a204be101ea4e7de312resized_image.png,18,Neshta
../db/malevis_train/Neshta/2826196da0f94c9a95668cfca6440162e1d8aeecresized_image.png,18,Neshta
../db/malevis_train/Neshta/ada561bd13d7649132a9af99422ba2bc45d55854resized_image.png,18,Neshta
../db/malevis_train/Neshta/2c6750efd600c5cef18a3b2f3e56c37bf9b81aecresized_image.png,18,Neshta
../db/malevis_train/Neshta/247696d96280ec0601620b668229ea2e9f659102resized_image.png,18,Neshta
../db/malevis_train/Neshta/9cd27fa444956bbccc28d2054235348e7bc36b9eresized_image.png,18,Neshta
../db/malevis_train/Neshta/7f6e445adf01573196950f170c13fc9e6e78bf4aresized_image.png,18,Neshta
../db/malevis_train/Neshta/117d2e6ca1d8e07afc7df5d6bec0b50b8ba6cac0resized_image.png,18,Neshta
../db/malevis_train/Neshta/672aee315b8facd28871d819656131a96d43aa84resized_image.png,18,Neshta
../db/malevis_train/Neshta/8027108dd3259025b4d5dfd1de33199e5a6f2570resized_image.png,18,Neshta
../db/malevis_train/Neshta/5dd0e63b69545a8ea0454d95ccb49b68708f5a25resized_image.png,18,Neshta
../db/malevis_train/Neshta/5f50afd5cc1a621ac51da000ac6a1fff42239aa3resized_image.png,18,Neshta
../db/malevis_train/Neshta/219dd02334141f715177f23174b0a818e3994cafresized_image.png,18,Neshta
../db/malevis_train/Neshta/68af000a3b978c89d39b0252206b77b991d449ffresized_image.png,18,Neshta
../db/malevis_train/Neshta/6d90ac737271459b56c8b51df95a56f976ce66bdresized_image.png,18,Neshta
../db/malevis_train/Neshta/43422f2705de5b9f893a86904cb86342a101b2c6resized_image.png,18,Neshta
../db/malevis_train/Neshta/7b058f413080c7b76dc683f924cb0805fc548b23resized_image.png,18,Neshta
../db/malevis_train/Neshta/325106f88feece57c69717ca193086cf5c2dcab1resized_image.png,18,Neshta
../db/malevis_train/Neshta/538b97862541f6bf81ca48eeb58f2d69bf323e8bresized_image.png,18,Neshta
../db/malevis_train/Neshta/b56358182694b0168b7cc162b73e30922669f41eresized_image.png,18,Neshta
../db/malevis_train/Neshta/b11227a82ae144bbfc13a885d4ab7fd3f3c96a7dresized_image.png,18,Neshta
../db/malevis_train/Neshta/aa02ff9178fcd1c4f36968d472c5e0d5024cd094resized_image.png,18,Neshta
../db/malevis_train/Neshta/1dd05599e2af77930cf6f68e6da6d2e13706fd01resized_image.png,18,Neshta
../db/malevis_train/Neshta/08bd4533426bc1825c64d16f67f47f2504c2c86fresized_image.png,18,Neshta
../db/malevis_train/Neshta/a926f815ccecc49a6ffea6233776792bbb0d484bresized_image.png,18,Neshta
../db/malevis_train/Neshta/b577f37994b6c79e8abb2f63be9f1d3fd0741523resized_image.png,18,Neshta
../db/malevis_train/Neshta/08f7cd336b3420400ef5ef3a577dfed70db2acceresized_image.png,18,Neshta
../db/malevis_train/Neshta/8a20404fc961d71ac9afb176bc7caae36df990b5resized_image.png,18,Neshta
../db/malevis_train/Autorun/0e3b521b3fec68527f54842f5e02df748a59be4fresized_image.png,19,Autorun
../db/malevis_train/Autorun/95846a44c0b886f748ae266ee05c3c2bc0cb72e5resized_image.png,19,Autorun
../db/malevis_train/Autorun/8d15a81f39e9a5b4eb31809a1e2d89b082967a3cresized_image.png,19,Autorun
../db/malevis_train/Autorun/87dffdf16f0d5b8ac9f635e3b03d6556259d63aeresized_image.png,19,Autorun
../db/malevis_train/Autorun/8f20e01738bad937b292d640cb5896926beb304aresized_image.png,19,Autorun
../db/malevis_train/Autorun/b185d5e3cc154d57c0cb45c449bae2fe3607e768resized_image.png,19,Autorun
../db/malevis_train/Autorun/87437a72b25a1ec17bad26430bc7d73b0b5bdcb2resized_image.png,19,Autorun
../db/malevis_train/Autorun/0c598f799a778ae75816a4d40b5f4b6494e2837bresized_image.png,19,Autorun
../db/malevis_train/Autorun/53415247b6c35fa1d609df8be9158322caac6bf9resized_image.png,19,Autorun
../db/malevis_train/Autorun/270cb8f1c3ebc6773df235d4e0e26046380d4bc0resized_image.png,19,Autorun
../db/malevis_train/Autorun/038d5829537df8794197795eeb34b1099926b0f5resized_image.png,19,Autorun
../db/malevis_train/Autorun/8e574224e29a5f7a37f96fdb4278215460c89fffresized_image.png,19,Autorun
../db/malevis_train/Autorun/6b04263f2f60ba9081f3e094c192031e8b4ab5c3resized_image.png,19,Autorun
../db/malevis_train/Autorun/095e60be69a0d6d41db508b19a9d9f7ff1181a5bresized_image.png,19,Autorun
../db/malevis_train/Autorun/918e4da402c6578bbefd859ea049b16ca0bd1dd2resized_image.png,19,Autorun
../db/malevis_train/Autorun/2141a0d79212bccb7b15584eb9add68e94acdb12resized_image.png,19,Autorun
../db/malevis_train/Autorun/0233beca8d719d87a17f8a381e2833772365ae9fresized_image.png,19,Autorun
../db/malevis_train/Autorun/75ed5067a7d0b77604048dcbfa2012f9bbfb8ae2resized_image.png,19,Autorun
../db/malevis_train/Autorun/5cb7357011bded09b9f74cef39eff2f048fcd168resized_image.png,19,Autorun
../db/malevis_train/Autorun/c6f1ed860020ec89bea63b53af59b176317e6dc7resized_image.png,19,Autorun
../db/malevis_train/Autorun/89ba42d7d237e1ba3e1dde17a4ce6e49ada5824bresized_image.png,19,Autorun
../db/malevis_train/Autorun/910008e5a89d6a0166f94bad23c1951a9491b484resized_image.png,19,Autorun
../db/malevis_train/Autorun/ac161efbb7f4545fc9387fc349dbd1dd98648b42resized_image.png,19,Autorun
../db/malevis_train/Autorun/b4b168b2e03b5f467560cdfd0470777ec0c8819cresized_image.png,19,Autorun
../db/malevis_train/Autorun/7e45b55547612af4e6c21e42b958e9197ccdc356resized_image.png,19,Autorun
../db/malevis_train/Autorun/792ac61e2c53381c5b2a39bd76b742de6eccac57resized_image.png,19,Autorun
../db/malevis_train/Autorun/bac6802ac635dd228a885bdd0f8567f977cb99e1resized_image.png,19,Autorun
../db/malevis_train/Autorun/9142a39fa67a9fac6a9dce8f6dc061a475652f44resized_image.png,19,Autorun
../db/malevis_train/Autorun/8aab860d5c4d51f5605f55d9aadb4e2b60ecee9fresized_image.png,19,Autorun
../db/malevis_train/InstallCore/4909444f70daa7e9300265080e1d506802e1b6d9resized_image.png,20,InstallCore
../db/malevis_train/InstallCore/a427677b21a97c29482573bdd52074dc72f48617resized_image.png,20,InstallCore
../db/malevis_train/InstallCore/54de13fa22b1db7ec47f504693f45d9227eb12acresized_image.png,20,InstallCore
../db/malevis_train/InstallCore/4ee4c9cfb9d1855ab3b795413d616bb6e183ec6bresized_image.png,20,InstallCore
../db/malevis_train/InstallCore/15792b62c99d8fb07fbee7d0af0aa7719bd229fcresized_image.png,20,InstallCore
../db/malevis_train/InstallCore/a22f90fca52838383f26b43c5e12c8edad16b50bresized_image.png,20,InstallCore
../db/malevis_train/InstallCore/348b802908ce22d7ecfcb58452aca715e8c2925dresized_image.png,20,InstallCore
../db/malevis_train/InstallCore/5f4cff40ab92f22431ec3d16c532d6c17d1b15a4resized_image.png,20,InstallCore
../db/malevis_train/InstallCore/763c86383734de41b92c5ca6254c6eca3535ff7bresized_image.png,20,InstallCore
../db/malevis_train/InstallCore/94836e86143d0811c5fbf7690b865e966d96df9eresized_image.png,20,InstallCore
../db/malevis_train/InstallCore/6c50dbcd5c991c65cb91d947ee1aec32f67a4118resized_image.png,20,InstallCore
../db/malevis_train/InstallCore/603c1f03f33009dd1f8dc22b6ca0f3b8281b656dresized_image.png,20,InstallCore
../db/malevis_train/InstallCore/5e1e18fe5dee6c088506cc9550519f22671e09fcresized_image.png,20,InstallCore
../db/malevis_train/InstallCore/aa02f043c6a3088cb806a9ffd281c1d2e158dd32resized_image.png,20,InstallCore
../db/malevis_train/InstallCore/28ca96860e7f4f29fdd3089dc82806f07ab93d93resized_image.png,20,InstallCore
../db/malevis_train/InstallCore/34643533ebed36fa988cb480a715de0d514ad0d5resized_image.png,20,InstallCore
../db/malevis_train/InstallCore/35cb3f4dc6b801580077ab7cac9ca77bea23b456resized_image.png,20,InstallCore
../db/malevis_train/InstallCore/67afbdd38193ddd8d0a724b018062da9785a80dcresized_image.png,20,InstallCore
../db/malevis_train/InstallCore/3243e05f856fb124d8583f260b4efbc798140ff4resized_image.png,20,InstallCore
../db/malevis_train/InstallCore/00471c370cccde82e273365cb6c20aebdaf266edresized_image.png,20,InstallCore
../db/malevis_train/InstallCore/051aab9faa1673f062d92df0ebfc4c8a8373949bresized_image.png,20,InstallCore
../db/malevis_train/InstallCore/6687badb302dac0d97ceee95539439027d055995resized_image.png,20,InstallCore
../db/malevis_train/InstallCore/36d30a5936f9eda8dee847a8c4e0b58ec8562d18resized_image.png,20,InstallCore
../db/malevis_train/InstallCore/a23396923942ee0931434304226bdcfdb4d2fb19resized_image.png,20,InstallCore
../db/malevis_train/InstallCore/5020b31b10ea4072c57dcb18b77dc520085d1c0aresized_image.png,20,InstallCore
../db/malevis_train/InstallCore/6413a651eb345309406b87c40f161107a952da87resized_image.png,20,InstallCore
../db/malevis_train/InstallCore/9ef77993b857ae6fba1820ad17988f7f33e167c2resized_image.png,20,InstallCore
../db/malevis_train/InstallCore/5487ff0355fdb6b8dc7abb2a19ec55dbd9f91ec4resized_image.png,20,InstallCore
../db/malevis_train/InstallCore/2522efa18890997dd3a6f6cddac2cf3629b11e49resized_image.png,20,InstallCore
../db/malevis_train/Sality/65501733238e59b4066cd1df9e779270e486261aresized_image.png,21,Sality
../db/malevis_train/Sality/347e2074a974f0f02c8986e336584e2a572fdb4aresized_image.png,21,Sality
../db/malevis_train/Sality/313aa52899f336d924ed482c08e9341e764b1f35resized_image.png,21,Sality
../db/malevis_train/Sality/545c53991fee983751b8437a9a0c2db20c30f071resized_image.png,21,Sality
../db/malevis_train/Sality/9c74ea1feeb19f3dcb0583a540c52c50bd06d5d0resized_image.png,21,Sality
../db/malevis_train/Sality/5746816041305ec07dab88ecf797f23bb5ab4bc7resized_image.png,21,Sality
../db/malevis_train/Sality/10460778487d53445a7a54746cf3d3d17ab54d29resized_image.png,21,Sality
../db/malevis_train/Sality/94baf8025ac73b222bb51df8526255818600699dresized_image.png,21,Sality
../db/malevis_train/Sality/87bfa670e26006c96c1a2fd8da6468e1081d9168resized_image.png,21,Sality
../db/malevis_train/Sality/4a9668cda236bf01ff34f0f9e737ba915c656356resized_image.png,21,Sality
../db/malevis_train/Sality/336909899250852fe122c01f9339266e99c6af7dresized_image.png,21,Sality
../db/malevis_train/Sality/b50f917a0ab193a4acec1033e5f66a1ad55f4092resized_image.png,21,Sality
../db/malevis_train/Sality/b0ca27bb0cc7bf3232951c9f967e0e9879bcac83resized_image.png,21,Sality
../db/malevis_train/Sality/92e8d43ef19f1d70e84ec03bd11b770711be6360resized_image.png,21,Sality
../db/malevis_train/Sality/04be6c695c04e2bedc46ecba6619e11d80062152resized_image.png,21,Sality
../db/malevis_train/Sality/87f786a1e44b15ffc615ae4e8ef60f333ab3f069resized_image.png,21,Sality
../db/malevis_train/Sality/1e48026e28882cbd17b22ae5cb97feba27de9d25resized_image.png,21,Sality
../db/malevis_train/Sality/3f0fe3d95e73b1741c15614262306d89119e5f70resized_image.png,21,Sality
../db/malevis_train/Sality/522f0e7cf08c5fe2ba1ad86f5241201241a5cd80resized_image.png,21,Sality
../db/malevis_train/Sality/8c326ddd07c3152607adee778717a0a6ecdd550cresized_image.png,21,Sality
../db/malevis_train/Sality/8034e2bfa95e0ceb4ab94ae66e5a9a1a0b073ba9resized_image.png,21,Sality
../db/malevis_train/Sality/27253afff2edb2705158215e5da715dda10e4badresized_image.png,21,Sality
../db/malevis_train/Sality/636ed5d38f007297e18bfb8a5f230b154c721dc2resized_image.png,21,Sality
../db/malevis_train/Sality/2a8ced930a8334a3791f061d31ecc95d5329e947resized_image.png,21,Sality
../db/malevis_train/Sality/2eae8066b117410a1f0ce1f9d66e296e1339872fresized_image.png,21,Sality
../db/malevis_train/Sality/4963dfbebfc74754b2e5abe091b1e9c211be81fcresized_image.png,21,Sality
../db/malevis_train/Sality/80ffb719ac878cb4134322b1927673ae18963734resized_image.png,21,Sality
../db/malevis_train/Sality/517737410a95fe528bb4d6c4d8d0ad0912fc69a9resized_image.png,21,Sality
../db/malevis_train/Sality/6c3e9e33092e036eb3b6015b7afcdf63aa5d678aresized_image.png,21,Sality
../db/malevis_train/Neoreklami/b5a8853621dcf3248a0aaca98ed48b019412905cresized_image.png,22,Neoreklami
../db/malevis_train/Neoreklami/a61e54cbdb7a82c0812077cbb329fe884e219319resized_image.png,22,Neoreklami
../db/malevis_train/Neoreklami/88c6971e51d6acddc6fdfc80fee408eaa4a4f15eresized_image.png,22,Neoreklami
../db/malevis_train/Neoreklami/348d0c775a21238e7b5e76013b3b6b663112e127resized_image.png,22,Neoreklami
../db/malevis_train/Neoreklami/1110d0ff27aea5c7628616e02c14f3c1b03a2a59resized_image.png,22,Neoreklami
../db/malevis_train/Neoreklami/8a600ffc1a16f5d071a1b0cb982d11382dbe5c89resized_image.png,22,Neoreklami
../db/malevis_train/Neoreklami/3fed97b1c4233cfacdfcf512a06ccd610426c29fresized_image.png,22,Neoreklami
../db/malevis_train/Neoreklami/abb375d38d09b799bed49d7199be27a816f4af41resized_image.png,22,Neoreklami
../db/malevis_train/Neoreklami/a1bad40cb7a377d10ddd3a39601a7e8b4d4936aeresized_image.png,22,Neoreklami
../db/malevis_train/Neoreklami/58ec93fc38bc358db918157dc521b364cba0edc1resized_image.png,22,Neoreklami
../db/malevis_train/Neoreklami/6be03aaad451a3d3cbd5bc7fe2cb9fa7c2888cd9resized_image.png,22,Neoreklami
../db/malevis_train/Neoreklami/3de94e784580f1276a37e89ef28362c4a89d3820resized_image.png,22,Neoreklami
../db/malevis_train/Neoreklami/1eba1069cae4d9421159e79283a8bb76aee21667resized_image.png,22,Neoreklami
../db/malevis_train/Neoreklami/62e1afadc08a3459c704ff1b7733f012f3dc66fdresized_image.png,22,Neoreklami
../db/malevis_train/Neoreklami/94ef5778b3a001d0f5ab82619a893706f8f0280bresized_image.png,22,Neoreklami
../db/malevis_train/Neoreklami/22a48217c28ba8229c29b0ed4e4cb640cdfa0e9eresized_image.png,22,Neoreklami
../db/malevis_train/Neoreklami/252086b1129f6f757b0d254d4e050f8519eb0177resized_image.png,22,Neoreklami
../db/malevis_train/Neoreklami/7a504fe9870a1bffe63b4009c4a413ae4e9ab20bresized_image.png,22,Neoreklami
../db/malevis_train/Neoreklami/b1638fc235010dea7880911b481ffb4335dd2adfresized_image.png,22,Neoreklami
../db/malevis_train/Neoreklami/20bd3be7970bb3939d05b1624e92050edc5ea3aeresized_image.png,22,Neoreklami
../db/malevis_train/Neoreklami/247233bd7af29fafe56457debf7a8530aad5914bresized_image.png,22,Neoreklami
../db/malevis_train/Neoreklami/aae84333dfac9e290b1fd16bac34a44ebb070118resized_image.png,22,Neoreklami
../db/malevis_train/Neoreklami/4f542dd609b06a2b386bf1772ec8f3396659589bresized_image.png,22,Neoreklami
../db/malevis_train/Neoreklami/763b14712950114b079dc4590b0d4bf4ba985bf9resized_image.png,22,Neoreklami
../db/malevis_train/Neoreklami/3a4906dcb08741b7ed8db34dd8d9eff9514157aaresized_image.png,22,Neoreklami
../db/malevis_train/Neoreklami/14e5f8855fb71a6da8a467436407c02dc5949bdcresized_image.png,22,Neoreklami
../db/malevis_train/Neoreklami/34bbecda7b1a8e9b318dae9a56ddd4f57a359368resized_image.png,22,Neoreklami
../db/malevis_train/Neoreklami/6fd4c7d65d0f8a913de377e910d584d280dd39cbresized_image.png,22,Neoreklami
../db/malevis_train/Neoreklami/31c255885c7f24bf337dd93a2c828370e8c8cf31resized_image.png,22,Neoreklami
../db/malevis_train/Stantinko/83c0c4878ed0637015c53a585cf09f58e941fc86resized_image.png,23,Stantinko
../db/malevis_train/Stantinko/ad3b1f3d286a587e31346dd4a192de5e252761f0resized_image.png,23,Stantinko
../db/malevis_train/Stantinko/c6ab8969b58463e20fb912762bf273f0389efa40resized_image.png,23,Stantinko
../db/malevis_train/Stantinko/bf057bece9b2537e94d306b368d5386c5a03de8fresized_image.png,23,Stantinko
../db/malevis_train/Stantinko/402cfdaffc8b0562783c34d5ad4bb45c4cd12c1cresized_image.png,23,Stantinko
../db/malevis_train/Stantinko/d1a0a9ab201b08bf593bebac203cfd8895445d6fresized_image.png,23,Stantinko
../db/malevis_train/Stantinko/1869b1da910b6a2328da2b34bb42d849bec0eb14resized_image.png,23,Stantinko
../db/malevis_train/Stantinko/520db0d738d761e2a0bcf8494caab42d9b0895e6resized_image.png,23,Stantinko
../db/malevis_train/Stantinko/a33937fe8a131f0612d8f61f55a160a8df50d4b2resized_image.png,23,Stantinko
../db/malevis_train/Stantinko/84b7f245cad31f440165bd1c09973e38f2fbb9b8resized_image.png,23,Stantinko
../db/malevis_train/Stantinko/85a48427dbe6f9826e8398e76b943a5c65ecada8resized_image.png,23,Stantinko
../db/malevis_train/Stantinko/851fc21c0065437b249a8351ede12fd8769eb86fresized_image.png,23,Stantinko
../db/malevis_train/Stantinko/42529f429ce82a827a671782cd4e0f89b613a24cresized_image.png,23,Stantinko
../db/malevis_train/Stantinko/c0f78e4e985af4adbbc38073268a2e45eeabc52dresized_image.png,23,Stantinko
../db/malevis_train/Stantinko/1272808cf1d439b3c9953c908376689c87ddea3bresized_image.png,23,Stantinko
../db/malevis_train/Stantinko/287af9df264d61c0f37b145a64e47ff4ca7d1745resized_image.png,23,Stantinko
../db/malevis_train/Stantinko/9971473fe61eb3bdca5d99979e00d317c00b05c5resized_image.png,23,Stantinko
../db/malevis_train/Stantinko/307f6b4d7ad80db0415c8d86a20b3a34667157dbresized_image.png,23,Stantinko
../db/malevis_train/Stantinko/b1466f3bf424c5808c303ffa70dd7f7cd281b51aresized_image.png,23,Stantinko
../db/malevis_train/Stantinko/370c8f316009be1338f6c54c413b37214697a259resized_image.png,23,Stantinko
../db/malevis_train/Stantinko/9618e5f2cbd7a47c1f2234daedc2538dcc8aa64eresized_image.png,23,Stantinko
../db/malevis_train/Stantinko/811eb1077d504b2b04cc6f54879f383ce4d11784resized_image.png,23,Stantinko
../db/malevis_train/Stantinko/bb2185ca2b766ef752d66a710281c5ca983a9113resized_image.png,23,Stantinko
../db/malevis_train/Stantinko/706407956b724cc7f1ceb2aa8f3ca3d72bf015e2resized_image.png,23,Stantinko
../db/malevis_train/Stantinko/35076c871d42966e0b1ba818b52752a040ec7b5bresized_image.png,23,Stantinko
../db/malevis_train/Stantinko/781ccdff579832a83d10afe14967f0b97f26be95resized_image.png,23,Stantinko
../db/malevis_train/Stantinko/91444d708579c84b70aeb1e9f540d9cd3821e7abresized_image.png,23,Stantinko
../db/malevis_train/Stantinko/538ffca33b18cb8339f81d7cdd95589b020fb1d1resized_image.png,23,Stantinko
../db/malevis_train/Stantinko/cfe316a1938e145ee111f7d2a81f9f25da6b947cresized_image.png,23,Stantinko
../db/malevis_train/Elex/57638f96590110d6bab78ed7fdfff7a676badc26resized_image.png,24,Elex
../db/malevis_train/Elex/14f8b86b1e71c5d94d593921c2f24fd98e091d42resized_image.png,24,Elex
../db/malevis_train/Elex/028ab04ab7747c640d2f0747daf32cd75a3a1443resized_image.png,24,Elex
../db/malevis_train/Elex/26b320c1212f139a1fefd2468ae05c757f16d0ffresized_image.png,24,Elex
../db/malevis_train/Elex/23c2a23de7f02afb4a33a736552ac756f09c38c7resized_image.png,24,Elex
../db/malevis_train/Elex/7f4716462d0d49cfb164401d74b910e7eb0ad40aresized_image.png,24,Elex
../db/malevis_train/Elex/3e6e44dda59a84cec9505f17b06f37b03cec1a11resized_image.png,24,Elex
../db/malevis_train/Elex/361e0fb0ed99830d3003bf3fd5fd8006b6c44808resized_image.png,24,Elex
../db/malevis_train/Elex/21967e23a102c3540332c0a2d7a0a6add62fa655resized_image.png,24,Elex
../db/malevis_train/Elex/a88b7fc443e8d4aa45c031a04bdd6f1e890cd1f1resized_image.png,24,Elex
../db/malevis_train/Elex/4e6c7c185d5905eb66429f4e799180f3701b7733resized_image.png,24,Elex
../db/malevis_train/Elex/085d39fe4965796b259b49aca699ad51c5602875resized_image.png,24,Elex
../db/malevis_train/Elex/00d2e0039e379274a08a5beda2f61ecf760c4484resized_image.png,24,Elex
../db/malevis_train/Elex/80a48d6df9c709b6265f3a2f7b77293522e5b9d9resized_image.png,24,Elex
../db/malevis_train/Elex/04b78f25d4630fcc9b27f779e0629f70aed62f2bresized_image.png,24,Elex
../db/malevis_train/Elex/7a924be430b0f59729ea1bba7d944c324cc9a476resized_image.png,24,Elex
../db/malevis_train/Elex/762a9173092a67ecabaf57bbf44eb3285bd39cf6resized_image.png,24,Elex
../db/malevis_train/Elex/3f90b922b393287658661459f6d5403079c8c9adresized_image.png,24,Elex
../db/malevis_train/Elex/a7300ee3cd2091d521ce7f835cf1fc077aba3c40resized_image.png,24,Elex
../db/malevis_train/Elex/30334fd87d81be8a5a42e99ca20ba75afb213422resized_image.png,24,Elex
../db/malevis_train/Elex/a85b85d17185406a1b7220f0733f6986c5e7cdc4resized_image.png,24,Elex
../db/malevis_train/Elex/0a881e899be335098e301b68925728cdbfe72a09resized_image.png,24,Elex
../db/malevis_train/Elex/2a115bfce1d9bc8fe189682633900d062f815dfcresized_image.png,24,Elex
../db/malevis_train/Elex/4329edf5415edb28050bb39e12d32fb52c642cfaresized_image.png,24,Elex
../db/malevis_train/Elex/509f3e34e59253965b205f39173831eefbfabf41resized_image.png,24,Elex
../db/malevis_train/Elex/6270a7a5fd6d0252242a575021ca8c744cba3780resized_image.png,24,Elex
../db/malevis_train/Elex/30798369e32ec910a38715a072392996c4224a58resized_image.png,24,Elex
../db/malevis_train/Elex/935ae17571bfd75ba9f0b3b549d8611c38826973resized_image.png,24,Elex
../db/malevis_train/Elex/2fb5233392fe22f5a690c3202fba5d5d08a89437resized_image.png,24,Elex
../db/malevis_train/Expiro/b0b2ac6387e3371812a288543ed1634efdb1b016resized_image.png,25,Expiro
../db/malevis_train/Expiro/623ddcb6b69f0eb79f29b92f59da6fd2fcbf74aaresized_image.png,25,Expiro
../db/malevis_train/Expiro/1b1208964428edddf41f11a0dbb9fb56698d9655resized_image.png,25,Expiro
../db/malevis_train/Expiro/75e5f63726bb95e4220cd2586dde50b706add499resized_image.png,25,Expiro
../db/malevis_train/Expiro/3afeedb1f8734cc5417fd0860093eb2e736eb6beresized_image.png,25,Expiro
../db/malevis_train/Expiro/531fc96d90fa67455b81553ff1728d63f468731dresized_image.png,25,Expiro
../db/malevis_train/Expiro/a8fe856b3088cc3f7ba23ff8fa00871176ca1a22resized_image.png,25,Expiro
../db/malevis_train/Expiro/a64dd7cba07f70ec17233922321a41b0d1316c8dresized_image.png,25,Expiro
../db/malevis_train/Expiro/93b5b6cd21910de43df723cfab3537177c5ff190resized_image.png,25,Expiro
../db/malevis_train/Expiro/9136936035df5df5220b7d90b93337c6d21eed19resized_image.png,25,Expiro
../db/malevis_train/Expiro/8d42171a1ac993b3c3cdcfe44c9bea466b3584e2resized_image.png,25,Expiro
../db/malevis_train/Expiro/23a8e58ede89aa9cf5590bd11e828a71ef89c01bresized_image.png,25,Expiro
../db/malevis_train/Expiro/b2cadfee827b5e2064bb9e9d43bdb5ebfb161aefresized_image.png,25,Expiro
../db/malevis_train/Expiro/0a147e823c33512fc8fb58b235db3b8e5dbd5512resized_image.png,25,Expiro
../db/malevis_train/Expiro/85f27fc0652a4ddc81b9299808a7ae8bd4381f2cresized_image.png,25,Expiro
../db/malevis_train/Expiro/9e3dbe2e6d64a112dd6e4e25ef72acc6d8044d1cresized_image.png,25,Expiro
../db/malevis_train/Expiro/a140a8f5b649691bf207b67bcf0e42870ed37c89resized_image.png,25,Expiro
../db/malevis_train/Expiro/506f28ca05f43bf21a5db2b5f63f11460a2339f7resized_image.png,25,Expiro
../db/malevis_train/Expiro/3b95934ab3e58ec62f8f3ed191cbb0f564fbc959resized_image.png,25,Expiro
../db/malevis_train/Expiro/2952665307d94c6f34170bcc0d08997099118ab8resized_image.png,25,Expiro
../db/malevis_train/Expiro/580afcc5285bcedac1a989dcd0eab59d2e6b6394resized_image.png,25,Expiro
../db/malevis_train/Expiro/30dbbd0de56cf1cafae2162efdb8cfafc836a82eresized_image.png,25,Expiro
../db/malevis_train/Expiro/8097a403955b4cd117f1bca9f539e38cf44bfb46resized_image.png,25,Expiro
../db/malevis_train/Expiro/9e7e340376ec1df052fbae72821f920412ce5708resized_image.png,25,Expiro
../db/malevis_train/Expiro/3f7e59a9beddab508267894a887ff3b298fc2557resized_image.png,25,Expiro
../db/malevis_train/Expiro/05273dc73004a2e3f525341ca4b548f678a1d07fresized_image.png,25,Expiro
../db/malevis_train/Expiro/1178c39b96279cd70c24accf54c29eac13cfafe2resized_image.png,25,Expiro
../db/malevis_train/Expiro/79abc5d9e19f84194c31560172855c63ce6e9a65resized_image.png,25,Expiro
../db/malevis_train/Expiro/926ef1144df5b775185d5ec64a0384eadb21a19bresized_image.png,25,Expiro
